,X0,X1,y
0,6.433658544295078,5.509168303351839,0.0
1,5.044697884885776,7.708064662864441,0.0
2,5.924535683526583,5.259219662819222,0.0
3,5.293990746037809,5.671261968134861,0.0
4,5.615090763565967,6.130928500753153,0.0
5,6.185903473182608,6.09410577556185,0.0
6,7.166309414019816,7.227191331197893,0.0
7,4.054708262992056,6.481270317011509,0.0
8,5.799781643859625,5.869308930462587,0.0
9,4.822563606931028,7.185931234685254,0.0
10,5.980495944697186,6.283567459439914,0.0
11,6.332584285954669,6.6639241159756235,0.0
12,5.7660015684708705,5.9762024582691895,0.0
13,6.075866902151711,6.530090409746342,0.0
14,5.8881697208048385,5.973526836566881,0.0
15,5.402579272106107,5.379206889146465,0.0
16,6.7567429668062235,7.260796298169314,0.0
17,5.706367847765728,6.299528939832377,0.0
18,5.048405021856402,5.673763524518238,0.0
19,5.6437044728857435,7.21564822456406,0.0
20,6.257606223076583,4.888690091034736,0.0
21,4.262684798408284,5.167447740603721,0.0
22,6.137730654514321,6.258562453410412,0.0
23,6.594855046765659,4.535245917697237,0.0
24,6.45018449479305,6.02033787898853,0.0
25,6.377391957536446,6.525732838781236,0.0
26,7.866845822782684,6.854156724936898,0.0
27,6.076896286668339,6.334251945097757,0.0
28,5.239919370427467,5.164278149773868,0.0
29,4.504067144710054,4.909932490565405,0.0
30,6.507480676664031,5.276851289732855,0.0
31,6.379664427049181,7.039725901852607,0.0
32,6.168749737791324,6.4761687704025706,0.0
33,5.285134160819143,5.910684899140926,0.0
34,7.17154382030606,5.103642765343698,0.0
35,6.757670140666133,7.376971101210977,0.0
36,6.36518303194932,4.656708413527084,0.0
37,6.260673116166046,5.935304147009302,0.0
38,6.37308642475504,6.5870892182473355,0.0
39,5.3781542332379795,5.326956376170826,0.0
40,5.879942777059898,5.2299262503710695,0.0
41,6.1200215088461665,5.9095416764277715,0.0
42,8.100351963047707,5.182445950734572,0.0
43,5.376283240745273,6.338112822139758,0.0
44,6.69601983049951,7.824161042072091,0.0
45,7.29434886248142,6.656962538586324,0.0
46,6.233727346099177,6.715101274334465,0.0
47,5.513241955338244,5.74784410631499,0.0
48,4.817702938366111,5.81748426836319,0.0
49,6.76774780970135,5.83276126760302,0.0
50,5.382667489054385,5.7130614633967935,0.0
51,6.577487519157417,5.796016707506542,0.0
52,6.677848695683732,4.9541625602522785,0.0
53,5.305894387060102,5.59593025334259,0.0
54,4.955258016280949,8.347698113491681,0.0
55,5.1256809032385995,6.729659574740471,0.0
56,5.468788023511444,5.590232389411087,0.0
57,6.240317886678463,4.836770058450031,0.0
58,5.471437706041627,5.88318164021749,0.0
59,5.325265061761334,5.344029372162361,0.0
60,6.866711515856472,6.801520238590926,0.0
61,5.647672606342959,5.932874726575258,0.0
62,6.986573493603861,4.862321769582929,0.0
63,6.269587600985718,7.574805410186468,0.0
64,7.567199694905307,4.452837412471495,0.0
65,5.391772213099696,6.134513111424156,0.0
66,4.9457463085301105,5.4670445316144445,0.0
67,5.890504522856595,7.117614186257408,0.0
68,5.9637894306911505,6.173016364543195,0.0
69,6.408679954053717,6.433455594138251,0.0
70,6.022410529927894,5.045271607973425,0.0
71,6.629798007343148,6.3441313953295255,0.0
72,5.125292895946922,5.455835172771618,0.0
73,6.7078286638346984,6.48289882466974,0.0
74,5.425531387345951,5.784716215556934,0.0
75,5.885582704878711,6.492087034187886,0.0
76,6.996083895603352,6.052358025644886,0.0
77,6.932493359010419,6.696507824003307,0.0
78,6.164014822123887,4.848759976205162,0.0
79,5.180356407826156,6.5911712700561385,0.0
80,4.635779130830372,6.09489046179885,0.0
81,6.797930279925264,6.121562189746062,0.0
82,5.520359844477208,5.324788657107295,0.0
83,6.650916880340921,6.376206842208177,0.0
84,5.7723100101747224,6.849616537483111,0.0
85,6.681099945413171,7.426480487251214,0.0
86,6.45212239044889,5.86880383239871,0.0
87,5.8859585828394225,4.457097107989308,0.0
88,6.120157063537161,5.9874666599317505,0.0
89,4.939208757044005,5.9798320315714,0.0
90,7.071234387890892,5.414166673269685,0.0
91,5.234442768032771,6.881227751608888,0.0
92,6.5058339002697405,8.441355020338802,0.0
93,4.948383615604198,6.574539792711149,0.0
94,6.251936577612247,6.0472793723486955,0.0
95,6.7261726343109745,5.97629274944451,0.0
96,4.455656733803784,5.324195946090539,0.0
97,7.088194326947852,6.934743432626686,0.0
98,5.70242140703138,6.401640306712102,0.0
99,8.220310264831346,5.975127187839408,0.0
100,5.990761804543311,6.15201066056873,0.0
101,6.48408922036097,5.721736308572352,0.0
102,6.483414222669735,4.449393322658887,0.0
103,6.268292474846177,6.040379450621451,0.0
104,5.826568713126368,5.62096183482941,0.0
105,5.513998537684041,5.35118195445669,0.0
106,4.151240925594411,5.786243843137878,0.0
107,6.87437013493445,5.7324952900366934,0.0
108,6.506529560838786,5.138493371698889,0.0
109,4.958650072813969,5.401235157259115,0.0
110,5.182119770878606,5.056475054801873,0.0
111,6.358714130068494,7.418768634621189,0.0
112,5.468083988670538,4.650702214685463,0.0
113,6.52382410525835,4.854807371681379,0.0
114,5.056294802016213,6.394780312526879,0.0
115,5.868158476252238,5.451948258169105,0.0
116,6.054513060960981,5.6734788584190055,0.0
117,7.5069954814819475,5.461016673734782,0.0
118,5.271514236748297,5.637091483297464,0.0
119,5.670804870155115,6.475051417164355,0.0
120,4.411663005284719,6.33977394231451,0.0
121,5.5683015921305,6.619549739211336,0.0
122,5.962002092298705,6.413681127076087,0.0
123,5.687840229729749,6.34934185065996,0.0
124,7.326927927324379,5.4104271684613945,0.0
125,5.91450779810508,5.612220813657379,0.0
126,7.270471458207666,5.653912921002618,0.0
127,5.4156464733229335,5.5387993028047235,0.0
128,5.8917595535370655,5.367145638116805,0.0
129,5.706145295195176,6.125375237054093,0.0
130,5.9079049917464905,6.663323342678591,0.0
131,5.74530059737062,5.836809541060501,0.0
132,6.216183396715462,7.790329765481247,0.0
133,5.37185361995556,7.5341731592596055,0.0
134,5.056049520469886,6.182613762423742,0.0
135,5.729324842039238,5.349786382185966,0.0
136,6.55755622631985,6.4784433530572745,0.0
137,5.616183925929488,4.33010927615183,0.0
138,5.664994090437903,6.111021262435722,0.0
139,6.001446432889205,6.6028908825131465,0.0
140,7.542083363897184,6.3300829738873015,0.0
141,6.452819679866175,6.118181300642247,0.0
142,6.935067935790923,6.423814351958862,0.0
143,6.597443979080083,7.4427208325179555,0.0
144,6.181029737564863,5.783895948104337,0.0
145,6.355934939609355,6.906202091392289,0.0
146,6.399909393490221,6.84590486013242,0.0
147,5.466463818087543,5.307665514024653,0.0
148,5.565309072304902,4.989208133758057,0.0
149,6.087968655392724,5.657036269343534,0.0
150,6.981146437454908,4.970193065466331,0.0
151,7.240117675861463,5.217450553926383,0.0
152,5.012457668552656,5.342305117026907,0.0
153,7.556229747778585,5.968030379810832,0.0
154,6.4222475793142495,5.853338434233476,0.0
155,5.92815841784117,5.596538911350507,0.0
156,6.040470488510542,6.394464675072091,0.0
157,7.338520789168138,4.505030494768005,0.0
158,7.284698440848021,6.421071135914698,0.0
159,5.706693371866875,5.563166977427127,0.0
160,6.832376191520674,6.1826202272737785,0.0
161,4.776517123194759,6.2895636158837975,0.0
162,6.91268549248031,6.6841839422919875,0.0
163,5.500053902391699,4.929691486337037,0.0
164,5.740022407505411,8.59519301665868,0.0
165,4.767796923840031,5.327882534015874,0.0
166,6.312670259711664,5.900685762094623,0.0
167,5.840327989474601,7.614802032304354,0.0
168,5.319488517258843,5.988610649329279,0.0
169,6.1610298642047105,5.358187900548886,0.0
170,4.8510175116636365,6.214792406386761,0.0
171,7.446477058095035,6.322672250604591,0.0
172,6.071836760055582,6.0659810788725625,0.0
173,5.793900747118504,6.943878024501533,0.0
174,5.59688805927461,4.917905252228212,0.0
175,4.738563003986163,6.0630130852090875,0.0
176,6.845947835224956,6.189404696913816,0.0
177,5.7468847510590475,6.3656266409601185,0.0
178,6.148512348939965,6.658922418073694,0.0
179,7.057943872468035,5.238832846227972,0.0
180,4.134071168583907,5.719634291636962,0.0
181,5.187031361586861,6.663522417063458,0.0
182,5.422312661375066,4.503985901911092,0.0
183,5.54204966145845,4.810086340154768,0.0
184,7.268219136798768,6.376154733079111,0.0
185,6.516455428428362,6.427504203684362,0.0
186,6.67007261584474,6.903888983807814,0.0
187,5.569529873980314,4.867519557996873,0.0
188,5.3245339375228,5.963911479928641,0.0
189,3.9548270367747502,6.911373014124661,0.0
190,4.487262556696468,6.477802680489804,0.0
191,5.865956320773065,6.227439580199921,0.0
192,5.6236237199731525,6.173231503144226,0.0
193,5.623657389982823,5.556421627741735,0.0
194,5.284415456366586,7.216914981546649,0.0
195,6.292626032418668,6.167082753561659,0.0
196,5.301701836392304,5.812698358570035,0.0
197,5.212642268996874,5.608275972244346,0.0
198,5.03567291794995,7.267410757748236,0.0
199,5.39633485580068,5.302087021871625,0.0
200,4.94276882146305,5.384930492687196,0.0
201,5.605301217602087,5.960537929684779,0.0
202,5.485327797789393,4.72344391505873,0.0
203,4.792061455239427,6.542057802593031,0.0
204,5.902070694244084,6.517520253782774,0.0
205,6.622302985204387,6.1204927642700175,0.0
206,5.017641764672566,6.151202123488535,0.0
207,7.116238490928039,5.6431569171281915,0.0
208,6.2716553048826675,5.989011488403377,0.0
209,7.094530286958956,5.459436454941729,0.0
210,6.919991254639632,5.700912903345606,0.0
211,5.446388762922689,6.087618130791596,0.0
212,6.273124113258663,7.524527031847295,0.0
213,6.254844955065042,6.154147562741916,0.0
214,7.272992610935194,6.4793663579305925,0.0
215,5.48616284844894,7.081444671192716,0.0
216,5.410122237491424,5.482197386426856,0.0
217,5.32326826699743,5.253304343714156,0.0
218,6.265720024708618,5.794311937372224,0.0
219,3.2260105365509935,5.786048676308514,0.0
220,5.586942712573253,6.712066607787484,0.0
221,5.550777044641155,8.025167243210452,0.0
222,7.114002922839614,5.68902970214622,0.0
223,6.916873824055993,6.418878918073517,0.0
224,6.186199008654556,6.640149677347252,0.0
225,6.043123846559852,6.191690378913341,0.0
226,6.656659025072014,7.636919290041172,0.0
227,6.200338788428352,5.638077652390894,0.0
228,4.381601162799395,7.564223829169225,0.0
229,5.7900534182891565,6.426533398612015,0.0
230,7.520042950417288,6.181522634851226,0.0
231,5.844742097889371,7.132250226874998,0.0
232,6.367457617022153,6.467444414606624,0.0
233,4.78521372989532,6.961769216284428,0.0
234,6.299547629575121,4.906098509349846,0.0
235,6.386883406684363,4.355047113552509,0.0
236,7.8678258981648135,5.121223431736262,0.0
237,7.285474016570797,5.3516330039688516,0.0
238,6.4468040868434855,5.272538505824043,0.0
239,6.795242252316191,5.812323187715098,0.0
240,6.373074296474621,6.012014491879714,0.0
241,4.910823627137983,6.402046890574321,0.0
242,5.5986464725821055,6.833681887138502,0.0
243,5.811891664127228,5.938777482710477,0.0
244,7.342206199062123,7.899457722708101,0.0
245,6.626895868812179,5.770993429053615,0.0
246,5.701191485121819,5.3470699118552885,0.0
247,5.50134567158963,5.781784467931783,0.0
248,7.566576178246187,5.842707239553915,0.0
249,5.022170024982883,6.033229841591507,0.0
250,6.14206507672619,6.028420811087271,0.0
251,6.637788126226518,6.055034861639101,0.0
252,6.613093220168757,5.377642630628277,0.0
253,7.420208274888285,6.201363484517382,0.0
254,6.319191833056556,5.374318040980761,0.0
255,6.3763023078958785,6.519252369937161,0.0
256,5.0670593893523215,4.676803139122621,0.0
257,6.2342112776088605,5.610185055114126,0.0
258,6.207298544843609,4.970343235871618,0.0
259,4.755429452030186,6.1648437316744165,0.0
260,5.721032414531266,4.316626399537423,0.0
261,7.071179043042087,4.957087276051831,0.0
262,8.05233726846812,5.502319834191451,0.0
263,6.320261814908501,7.3135126329507,0.0
264,7.179912153662967,7.584029161734037,0.0
265,4.785281227227514,5.0940984384465855,0.0
266,6.180242541003223,6.669734679829171,0.0
267,5.9910456312722,4.6936293442978965,0.0
268,6.396042428110341,5.845076167626082,0.0
269,5.835515564667393,4.183236619859853,0.0
270,6.636027934413492,6.115806479944298,0.0
271,7.431720902407465,5.940576949041602,0.0
272,6.451680599272955,6.663410752695622,0.0
273,4.607361094964834,8.086930691129647,0.0
274,5.656424552219544,6.394438125074034,0.0
275,6.510891687151148,5.350174632916308,0.0
276,7.473046210214824,6.212110759892152,0.0
277,5.829746395547995,6.110466054027203,0.0
278,6.60952398119314,6.008612000614937,0.0
279,6.703377014928426,4.65624204181008,0.0
280,5.403461780231963,4.2942148086293725,0.0
281,7.592699850192771,7.582319007421031,0.0
282,6.49975325011487,5.192393559175374,0.0
283,7.906030655457375,5.517953471809266,0.0
284,5.829958151188166,6.127234748910466,0.0
285,6.360103373012821,6.513460249911651,0.0
286,6.545488807249189,5.884735829293604,0.0
287,6.532839228588212,5.849098758108983,0.0
288,6.462019393341469,6.396611569832192,0.0
289,6.60840350682137,6.508805866654544,0.0
290,5.647141162229578,6.3658410803283445,0.0
291,6.521114378590331,4.970272798429756,0.0
292,5.781437844801772,6.484996969153468,0.0
293,7.363234241664442,6.657893358306673,0.0
294,7.413547633579438,5.682280096512639,0.0
295,6.199537672471217,6.642608537402785,0.0
296,4.144634505927967,7.204930511133111,0.0
297,4.515844375345465,6.795102559775402,0.0
298,6.547777877699944,4.134074008736977,0.0
299,4.174375248039619,7.142465907068345,0.0
300,6.968793059687424,5.297473377958243,0.0
301,5.296663671997555,6.408824500748338,0.0
302,5.989835992154511,6.840925509779442,0.0
303,6.382486402913556,7.262535107703821,0.0
304,6.773678728484051,6.574847490459934,0.0
305,5.7191653988216835,5.660788032531482,0.0
306,5.958719984741281,7.468231234637368,0.0
307,5.675978438836639,6.207783066514682,0.0
308,4.2096731840745765,6.538986513105577,0.0
309,7.800212659038806,5.255383473691906,0.0
310,8.531754063659056,6.1453447161650825,0.0
311,3.9479767327603232,5.692516680547155,0.0
312,7.061081945583661,7.5945414163535245,0.0
313,6.5727144610326445,7.250223936613249,0.0
314,5.060665401357392,5.457462141903088,0.0
315,4.66055902792215,5.517436187134577,0.0
316,6.6076631441874225,6.169602111903993,0.0
317,6.69214691284413,5.253089813249177,0.0
318,5.301731155045578,6.163185437646597,0.0
319,5.519362469332035,7.038280674015912,0.0
320,5.499606468941072,5.604905783534184,0.0
321,6.334042437151462,5.689525932820237,0.0
322,5.015078759771873,5.123216471841221,0.0
323,6.428891468699639,4.916369160394783,0.0
324,7.114298690682146,5.449376892671816,0.0
325,6.491458603215226,5.497218832877008,0.0
326,5.2700556560996175,6.196278265851014,0.0
327,6.838842527814072,5.802713585126134,0.0
328,5.9477789957125715,6.6439500538007845,0.0
329,6.670356613703045,5.969301198646068,0.0
330,5.646305721934828,6.065921680777588,0.0
331,5.8477398789322,6.24961033985006,0.0
332,5.0475179966545936,6.221064224704412,0.0
333,5.427122147995272,6.722484311427818,0.0
334,5.463677982845562,5.477521799553232,0.0
335,6.355224708765376,6.011334592255396,0.0
336,7.8157275381583355,4.700561129479387,0.0
337,6.087612447429685,6.900944024349989,0.0
338,5.538769786565702,5.27379097679714,0.0
339,5.305448007765163,4.714391666079127,0.0
340,7.076447459844449,5.737116000694787,0.0
341,5.642679096729277,4.305940477414644,0.0
342,4.856555782831628,7.168711322531085,0.0
343,6.241739798276116,6.93033455607341,0.0
344,6.829438676773943,5.2019623127189325,0.0
345,7.937908015126239,7.554995557874559,0.0
346,5.550372027857628,3.1542028878180086,0.0
347,5.71565033207448,6.190051512649969,0.0
348,5.547219665307587,5.82332660535453,0.0
349,5.33910959461342,6.7350433060700166,0.0
350,6.050750244587133,6.758873367799039,0.0
351,6.97475970728525,4.265883490297748,0.0
352,5.385475414529219,5.50230981326164,0.0
353,8.050779992076038,6.118838185375889,0.0
354,6.6480520050283305,4.50006746896935,0.0
355,6.114220479749413,6.7802307069814045,0.0
356,6.687454208508111,6.497187850520341,0.0
357,6.010368462780819,6.049103621590486,0.0
358,4.649547437472553,5.281786312981982,0.0
359,6.184187732775135,5.428978516424409,0.0
360,6.549378113002094,6.372279149352475,0.0
361,7.090536557094817,6.764248618679968,0.0
362,6.181250743039248,6.596546549494754,0.0
363,6.801612180620146,5.595296951352698,0.0
364,5.737344371934363,5.922777072931418,0.0
365,5.620743949463893,6.810053999880877,0.0
366,5.499692876901772,6.998245853008221,0.0
367,5.707323098867286,6.376756629512848,0.0
368,6.132723234803144,5.2216141485797865,0.0
369,5.984137085734073,6.2660950586197055,0.0
370,5.948723818288623,4.929133800852075,0.0
371,7.35696296081321,6.069944107507647,0.0
372,5.36650955173331,7.292632170443646,0.0
373,6.492394912901419,5.0428128363298255,0.0
374,5.166970540196419,5.822630650838706,0.0
375,6.2371150959262796,6.496709637801786,0.0
376,6.757808182613529,6.430332188627733,0.0
377,7.074087810347347,6.101122995285008,0.0
378,5.394154939556742,5.997327537403603,0.0
379,5.944984958112226,3.9437623654578378,0.0
380,5.552285798472501,6.250590983659937,0.0
381,5.66166985104839,5.48462025543464,0.0
382,6.726861693355288,5.26901530531432,0.0
383,6.567549654173895,4.937078994046051,0.0
384,8.201826320229099,5.827981520652648,0.0
385,5.742182035626586,6.911644194368915,0.0
386,5.666064890650387,7.160367469918064,0.0
387,6.296362053465059,5.90557258476038,0.0
388,5.820548119764806,6.9631066665139825,0.0
389,6.1838234615679735,6.344784796719645,0.0
390,6.431472249373277,6.10602232222431,0.0
391,6.4146204481888445,5.905631984059477,0.0
392,5.960275475001611,5.107457737661704,0.0
393,6.237476599885711,4.6285921294780845,0.0
394,6.226149750583352,5.776196664307094,0.0
395,6.2987477270249,5.163514317732858,0.0
396,4.30972139447022,5.720169835090691,0.0
397,5.165839686084752,4.579929504598362,0.0
398,6.612499670770895,7.277056318349647,0.0
399,5.364396971529814,5.939569508140932,0.0
400,5.754527739960563,5.474500184499605,0.0
401,6.529358960054542,6.805631237501598,0.0
402,5.307248427864838,6.035703500895244,0.0
403,7.024470312604275,6.549535991566903,0.0
404,6.668099717107092,7.091027088078537,0.0
405,7.080547265507729,6.820386715783673,0.0
406,6.115593818692384,5.694953351833159,0.0
407,6.0825279660215,5.573787695430844,0.0
408,4.442807787493664,5.777087480237191,0.0
409,6.285142548390857,5.531627394463092,0.0
410,5.84624983267944,5.877149097461751,0.0
411,7.082151604452073,5.71333332288528,0.0
412,7.081973439700892,3.836672231301585,0.0
413,7.074972925697993,7.034737148018268,0.0
414,6.71958688712342,4.395408906406988,0.0
415,6.8126061774427855,5.960027802932988,0.0
416,3.9827446633850716,7.035352526581854,0.0
417,7.151790110609082,4.481069753693281,0.0
418,6.139905848353086,7.107461110524194,0.0
419,6.98110652825452,6.6667946279392725,0.0
420,3.888702031192188,6.581841717145005,0.0
421,5.826052765444985,6.794239187941398,0.0
422,6.204299774677786,5.984143561146627,0.0
423,6.511148370348063,5.862891696554219,0.0
424,5.980637825682138,5.557184993358364,0.0
425,4.719617318038391,6.4528875555704985,0.0
426,5.3571561713500255,5.839859855420634,0.0
427,6.228874067976454,4.336949292297163,0.0
428,4.515494235772566,5.760945600333861,0.0
429,6.362533917390856,6.593402504711854,0.0
430,4.730858283925143,6.50774097560786,0.0
431,5.804546444619292,5.295644132878501,0.0
432,5.482752015584662,6.639515691631092,0.0
433,6.21853139225413,6.04012161441683,0.0
434,6.194198318816592,6.74019787286082,0.0
435,5.922558920990317,6.043321646945634,0.0
436,6.907740091646427,5.735545413282258,0.0
437,6.492993696659717,5.5982740239890605,0.0
438,5.668327918392821,5.917015846179937,0.0
439,6.410952250219059,6.952411449267594,0.0
440,6.076998997849923,4.803815589939794,0.0
441,6.5036055629868805,7.9570446168517766,0.0
442,6.086668064108065,4.637184353198609,0.0
443,6.135305472198052,5.997597319458536,0.0
444,5.93052695288282,6.7540050354349965,0.0
445,7.099233389808343,6.54518901700275,0.0
446,5.893880457725534,6.897777219931351,0.0
447,4.808606646085645,5.428914462710258,0.0
448,5.517783355515309,5.975315527803105,0.0
449,6.404142676265365,5.839922795681559,0.0
450,5.277397506250372,6.7774850077981,0.0
451,5.812213142496548,6.081452204596297,0.0
452,6.43950021568919,6.031006563544848,0.0
453,6.034511036672866,6.821846849614472,0.0
454,6.120723662868322,6.688117685101353,0.0
455,6.434395700387218,7.608554516152033,0.0
456,6.326524800148003,6.508811107413037,0.0
457,6.878618586175292,6.050737898288015,0.0
458,5.491284736056353,5.621848517024217,0.0
459,5.629535759217482,5.2420702011186115,0.0
460,6.2534632838848925,5.49793349199099,0.0
461,6.155403501019464,5.873450310224634,0.0
462,5.966805069921905,6.4434790797729145,0.0
463,5.567812153758212,6.509543073054672,0.0
464,7.249995397288769,6.273644242836221,0.0
465,5.376245071157294,5.509496698263218,0.0
466,5.8019996645812535,5.525549415620967,0.0
467,5.209491095356551,6.123146440860983,0.0
468,5.823585619369893,6.151310560142656,0.0
469,6.946194960311563,5.811498454879086,0.0
470,5.0545765887833936,5.68186609029198,0.0
471,6.614447228811651,6.539753383125809,0.0
472,6.413637413661863,5.501769534097628,0.0
473,6.599674659813827,6.779119008558689,0.0
474,5.445371356170337,5.966846060241863,0.0
475,7.611357416773311,5.4099184596483365,0.0
476,4.640120084955794,7.102925733205317,0.0
477,6.906491164504848,5.635548915856534,0.0
478,5.9098841967982665,5.0230616413625135,0.0
479,6.070943261185148,6.929866306978618,0.0
480,5.567249313819279,6.69952653194224,0.0
481,6.369839710301513,6.460833809011637,0.0
482,5.613742609551316,5.717171969930352,0.0
483,4.527119596560535,5.548056784184357,0.0
484,6.927929667366696,5.258817626130299,0.0
485,5.377675888330985,6.5105789041569055,0.0
486,6.321225026608766,6.550195596767648,0.0
487,5.072281616079126,8.044946435367722,0.0
488,5.030384422681244,6.123018863310636,0.0
489,5.873465421943176,5.053602379908321,0.0
490,5.704742071165718,6.018588813627063,0.0
491,5.48161842323127,6.747476126474868,0.0
492,5.871096520210349,4.9302757926761,0.0
493,4.862603583037288,6.483442716896665,0.0
494,4.814236389188648,6.25236339542002,0.0
495,6.354631624899718,5.206161310068685,0.0
496,6.710401911843986,4.629985742495685,0.0
497,6.236438743702611,5.967414041602902,0.0
498,5.9050939990052616,5.060576793144633,0.0
499,5.252684671857121,7.291064202170321,0.0
500,6.969138355273751,6.5918443592342175,0.0
501,6.749569263683992,6.674732169341337,0.0
502,5.742109520633446,6.037965878899174,0.0
503,4.825611270000457,5.928463881887625,0.0
504,6.943823735270444,5.473057567784799,0.0
505,6.815999092366027,6.073043563591624,0.0
506,4.895106384341629,5.116865087917163,0.0
507,6.733183556535907,6.4406617092691905,0.0
508,6.081161222725614,5.7814478483699645,0.0
509,6.1679370138150205,6.702074099951297,0.0
510,7.177056433487302,7.2152036474536025,0.0
511,6.296654010243168,5.8628770861307515,0.0
512,6.1166390729782085,6.416413429225748,0.0
513,6.413180657787767,7.043175569357991,0.0
514,7.687406137924038,5.83630060963069,0.0
515,7.719410889510763,6.934911190174478,0.0
516,5.919589331263509,7.195169877592179,0.0
517,7.344376981109718,5.632894596599482,0.0
518,7.381516126352256,6.857424764211148,0.0
519,7.889027721483593,5.661811002768141,0.0
520,5.7181269791645075,4.3836498316879755,0.0
521,6.4555517054861795,6.299279007229205,0.0
522,5.550988345620036,5.934720523132319,0.0
523,4.954244879111047,6.955811367268954,0.0
524,5.609443618420805,8.467637093410296,0.0
525,5.859950414134381,5.394171320635023,0.0
526,5.6711625637625405,4.873900425436807,0.0
527,6.384632564189956,5.665111939256444,0.0
528,6.902222729347785,5.780877062066228,0.0
529,7.104152096888859,6.6041035207247685,0.0
530,6.022807158718523,7.260303417649648,0.0
531,6.759494971283085,8.349731377702918,0.0
532,5.673441840934494,6.061104637588939,0.0
533,7.251112870156218,4.768962243217317,0.0
534,7.0503191029468555,6.3503628334972175,0.0
535,5.291613741139218,4.912917279510187,0.0
536,5.463660736967609,4.177758173850743,0.0
537,5.609571249892381,6.496515437582797,0.0
538,5.6201297641582775,7.107239058597518,0.0
539,7.323879569109009,7.017381310845137,0.0
540,6.183946040464405,4.145968349529069,0.0
541,5.43877100035826,5.886718169107128,0.0
542,5.287102124956197,5.888738386397083,0.0
543,7.284098018028212,4.687422470945885,0.0
544,7.444902293708125,6.7056073529599605,0.0
545,6.2139144343999115,5.430860120661599,0.0
546,5.302987031089236,4.703021466621875,0.0
547,7.369194268908478,7.226311316252273,0.0
548,4.878427556944056,5.5592554183199265,0.0
549,6.345451572996103,5.761128587350203,0.0
550,4.4697744034635125,5.475397947871116,0.0
551,7.556033721509643,5.529466712817275,0.0
552,5.869627772032435,5.086671776749915,0.0
553,6.468766246849087,6.091838509736395,0.0
554,5.408207359009389,4.959481238804427,0.0
555,7.120183717683383,4.719510115933719,0.0
556,6.401814674687559,4.28218871383647,0.0
557,6.5640317180121475,6.773855072692549,0.0
558,6.873137071347228,5.871429316469623,0.0
559,7.263310966778648,7.840563081478404,0.0
560,5.7434917234345475,5.640304101181188,0.0
561,6.1189752777871265,5.619029549679703,0.0
562,5.5024367004610095,5.571927941452785,0.0
563,7.36838917134869,6.615609071824194,0.0
564,5.616424789147721,4.041932253870143,0.0
565,4.7682231746695205,6.401506334210608,0.0
566,4.3079679377136895,6.233674933014749,0.0
567,5.150167124181232,6.073219051670088,0.0
568,6.05092814529588,6.096175656060476,0.0
569,5.685431621998067,5.659221345910366,0.0
570,5.425138656381194,6.3859249240118166,0.0
571,6.642175770842777,5.027817013475985,0.0
572,5.958824074000993,6.156782654052589,0.0
573,6.1465653796059545,6.133005940530552,0.0
574,5.679359956535483,6.222538758948275,0.0
575,6.492904464123256,6.112482795741506,0.0
576,6.403508768400684,6.7898494174860735,0.0
577,4.523795498464059,6.752452970435936,0.0
578,6.27310086265845,5.11343101584577,0.0
579,6.640005024353611,5.682321954880775,0.0
580,5.79107050592137,5.595103549923782,0.0
581,6.241176077456836,5.373647108980867,0.0
582,6.718964768947281,5.889251117445622,0.0
583,5.709532863497116,6.600450716658667,0.0
584,5.745139745308655,6.756211777371103,0.0
585,6.781267487920854,4.935436559994334,0.0
586,6.884682694886057,4.833963464391283,0.0
587,6.9343858327571635,7.61770205351074,0.0
588,6.697718070905357,4.279715214026512,0.0
589,6.848239380561277,7.791384404365893,0.0
590,5.758319239925274,5.972322610489395,0.0
591,5.052130749951067,6.248896751823045,0.0
592,7.012223361020302,6.556475353227596,0.0
593,8.505853727682329,6.026340486494103,0.0
594,4.6994678919581965,6.136356699330913,0.0
595,4.072775841568749,5.574826703456643,0.0
596,7.295514518818187,6.259308061258548,0.0
597,6.143092620798393,7.452150620062065,0.0
598,5.78418495415874,7.006356021012682,0.0
599,6.103127871196025,6.303104189155767,0.0
600,5.029147049335547,5.615546959446302,0.0
601,4.885419134386063,5.924037955828422,0.0
602,6.311362651444215,5.11469689413669,0.0
603,7.634308278609088,6.221801505130411,0.0
604,6.046094463954972,6.6138351418683206,0.0
605,5.338894222493872,6.1303803170195925,0.0
606,5.428268373436801,7.243114231051407,0.0
607,5.155689611274078,6.050377169082242,0.0
608,6.2626434949101695,6.314890503484233,0.0
609,5.536439963991294,5.2857927566517775,0.0
610,5.547956484750852,6.421362244834298,0.0
611,5.88527681421966,6.635010751257651,0.0
612,6.380430971109787,4.184064245937647,0.0
613,6.197390132130876,7.7948344173180395,0.0
614,7.056959037358537,6.336573636684563,0.0
615,5.155089236008775,6.380869617145051,0.0
616,6.589982376580185,5.797626114266898,0.0
617,6.252615407643151,7.20402070621994,0.0
618,5.316286798720311,5.155960572067894,0.0
619,6.552457489449495,6.364909920689322,0.0
620,6.820542767119725,6.45443505864021,0.0
621,5.547190931111033,6.344692218148762,0.0
622,5.089104985287217,5.800360066977462,0.0
623,6.401004000455974,5.712474414788452,0.0
624,7.968377709142492,4.490901722503287,0.0
625,5.5633529054019935,5.252080270278099,0.0
626,5.441441720255982,5.4871812762992365,0.0
627,4.9421224835692765,6.600312319788728,0.0
628,5.563667982424704,6.130456766636067,0.0
629,5.653207763082327,5.4489931724220275,0.0
630,7.333714576813055,6.736078089268724,0.0
631,4.510029872966292,4.425540522981558,0.0
632,6.8315253649003935,5.585394573374785,0.0
633,4.684785949815656,6.834018721070905,0.0
634,6.134883700065928,6.200638754404837,0.0
635,6.64564236897625,4.95523690446478,0.0
636,4.698807961848351,7.2608790104466125,0.0
637,4.8537977290213465,5.025212816666883,0.0
638,5.184563833525494,7.658846284487905,0.0
639,6.393494391077165,6.769954359469881,0.0
640,6.1564520502259,5.519969075825593,0.0
641,6.503481935630144,4.758531849256377,0.0
642,5.126464364156375,6.584579213762616,0.0
643,4.917530609274735,5.849199400324719,0.0
644,5.8855427362314705,5.578369326818965,0.0
645,4.44389914385086,5.4984021735986754,0.0
646,5.342052256596027,6.128755230764779,0.0
647,6.088120954254171,6.301440511676109,0.0
648,5.460871888775483,6.4169378880792385,0.0
649,4.7590177427690445,4.546952657745647,0.0
650,4.1372803535388565,5.60178898822068,0.0
651,5.399212284164517,6.62951313065393,0.0
652,5.482663702860559,6.218029389076413,0.0
653,6.64863898089127,5.45263103446765,0.0
654,6.23770944988917,6.799080290011278,0.0
655,5.012511962362414,6.019820808074094,0.0
656,5.456048260881842,5.0632938310792985,0.0
657,4.77461368972282,5.050406581443728,0.0
658,6.04787571254571,4.715282301544039,0.0
659,5.560771524263701,6.648557496139495,0.0
660,6.3581055448981285,5.5768973658497805,0.0
661,7.347600739139218,7.50977791578629,0.0
662,6.020833762074245,4.03123090967296,0.0
663,6.706980542745216,4.170455257982909,0.0
664,7.177289978185797,6.864205538254662,0.0
665,7.41501073987501,6.207572970797443,0.0
666,5.71177931583302,5.641024997447522,0.0
667,5.564334031593237,6.78244442436667,0.0
668,6.568067131195905,6.095885110786286,0.0
669,5.424029362621293,8.096910095057872,0.0
670,6.727657974755399,4.725756063361719,0.0
671,5.58826363506494,6.74313149181231,0.0
672,5.3623333406490765,6.280374609106618,0.0
673,6.75830092126575,3.2975829461971284,0.0
674,5.913835290216572,5.945136342865684,0.0
675,5.67135450289112,6.240614839046066,0.0
676,6.524400151681428,6.113291734422965,0.0
677,5.701856583579639,6.504542680981349,0.0
678,6.039122202548348,5.816006503390188,0.0
679,4.953400779421688,4.753715635127456,0.0
680,4.9382870149214915,6.221979390815575,0.0
681,5.936931299436864,4.819409798913913,0.0
682,6.515147232049864,7.096070914011288,0.0
683,5.52267561330727,4.611492129404951,0.0
684,5.43444122492393,6.6814690804483075,0.0
685,6.437476141757845,5.264320280420898,0.0
686,7.213200170281458,7.075311310903052,0.0
687,5.415396154907687,5.407194270931969,0.0
688,5.527194236128171,5.595380302984528,0.0
689,6.758094921967427,6.3392182092909595,0.0
690,6.699508021419565,6.537197156142061,0.0
691,7.367409039019947,5.155094489153906,0.0
692,6.303352278400157,4.266284102402316,0.0
693,4.949671317872559,5.940301207004921,0.0
694,6.333537751060954,5.918797568992346,0.0
695,5.547639664175657,5.689422502847431,0.0
696,7.092188046666074,5.693717829803033,0.0
697,7.395095387984834,6.633262748450017,0.0
698,6.364905701647164,5.048055155035448,0.0
699,6.745892636668331,5.606196738598759,0.0
700,5.04738294777552,6.40901482696752,0.0
701,4.893053353254868,5.392079667584462,0.0
702,5.991932125752271,7.769286448703191,0.0
703,5.452155156403905,5.634552628568319,0.0
704,6.584076662115758,5.01240595807642,0.0
705,6.353157123720191,6.961778468081359,0.0
706,5.755078628398009,6.818402150564672,0.0
707,6.2324438422785295,5.417249724143032,0.0
708,5.8422422599951505,5.697127196790061,0.0
709,5.930104722097819,6.1217990894908025,0.0
710,6.46911473300845,6.405684795096691,0.0
711,4.060603895187023,5.922392536480799,0.0
712,4.796171138749283,5.780095663508443,0.0
713,5.901272482395082,6.778520277125591,0.0
714,5.975981620418295,6.206737512597474,0.0
715,6.632496554578092,6.979185204420685,0.0
716,5.901891108140534,6.0751121532186225,0.0
717,6.00799401440849,5.567254001240371,0.0
718,5.386597547456081,4.1880733204079625,0.0
719,5.141316622443736,4.581465452760149,0.0
720,7.001074748393284,6.150269866029814,0.0
721,5.899558255353872,5.427774721664925,0.0
722,6.023750242546639,5.32369959557739,0.0
723,6.138787279416303,6.195983414712158,0.0
724,5.3130094691896765,5.297793734758709,0.0
725,6.767395347218779,5.957841914169221,0.0
726,5.377102634045218,5.704505297500003,0.0
727,5.194007773584723,5.94641820641093,0.0
728,6.663259324452241,5.977931453118456,0.0
729,7.885099276511604,6.336052368443938,0.0
730,6.183398557173874,5.2755900054980165,0.0
731,5.809759322339033,5.378702972821441,0.0
732,4.272804836058964,6.777016002621697,0.0
733,5.592096196295143,5.393548253507472,0.0
734,6.167938653826495,6.40874042364328,0.0
735,5.744168281654335,5.997925058244286,0.0
736,6.5951165335870225,5.712730124706859,0.0
737,6.24112415543456,4.67668109111815,0.0
738,5.009994738347581,6.4829440032729275,0.0
739,4.968331379239655,6.186734758660867,0.0
740,5.88276215218173,5.709321690836844,0.0
741,5.339265328734979,6.7252377541112995,0.0
742,7.379662558318846,6.239416153992192,0.0
743,6.257200208612393,5.45581199143723,0.0
744,5.046061041155528,5.968306515166329,0.0
745,5.223392797313416,4.586267223724299,0.0
746,6.640782572974393,6.679639645605459,0.0
747,5.315039159787611,6.1945720334803775,0.0
748,6.7991000043460295,6.163517596385389,0.0
749,5.048407879764252,5.81425749158681,0.0
750,7.058187547854582,6.19701436717488,0.0
751,6.429981027884653,6.2724639880143735,0.0
752,5.31769291626517,5.504849249435425,0.0
753,6.270259529497908,6.651490359319311,0.0
754,6.877221479817406,5.315623940784247,0.0
755,6.3454322448969505,6.946718706395204,0.0
756,5.212759856649204,7.185744751391648,0.0
757,7.307125762727266,8.093619200067854,0.0
758,6.184179346165465,6.1885588424738165,0.0
759,6.659563575213279,6.636281926788909,0.0
760,6.89832599061882,6.625300164545667,0.0
761,5.915411068273705,6.974595233795812,0.0
762,5.145628765767644,6.004667490112069,0.0
763,7.247146373884084,5.002874673577574,0.0
764,5.459684040993384,6.535747340941053,0.0
765,6.314161731694769,5.302129622799246,0.0
766,5.668067391949288,5.058275546922862,0.0
767,6.781978935089291,5.795923617721592,0.0
768,7.429321377987256,6.064680930866772,0.0
769,5.824747662090496,5.74732102619702,0.0
770,5.805240134049853,6.088384587220135,0.0
771,8.003753042834552,5.729744846582483,0.0
772,5.755669945861481,6.052313911605811,0.0
773,6.869540786287367,4.866703728879739,0.0
774,6.362956020693317,5.3480682835813305,0.0
775,6.441258752894132,5.606205220777905,0.0
776,4.162379337918322,6.294754025124021,0.0
777,6.288028478831395,5.53815856114337,0.0
778,5.490893331137659,4.95412387994655,0.0
779,6.616580436516383,6.703605010203815,0.0
780,5.298919131434689,5.569379058430619,0.0
781,5.949524205291072,7.8111126789942915,0.0
782,6.434758026774547,5.247585572309933,0.0
783,6.242277855380384,4.902029316694289,0.0
784,6.572628136307247,7.336321072873346,0.0
785,7.339706077824844,6.586109159785105,0.0
786,5.534703567129767,4.9624749274980005,0.0
787,4.883276287494639,3.7619212247122427,0.0
788,6.553379797679524,5.917984252044906,0.0
789,6.7251389770946375,7.138916496064607,0.0
790,6.079678965887824,6.1164106581775535,0.0
791,5.6296845655895185,5.723982800222535,0.0
792,6.580986069831476,5.860928417448607,0.0
793,5.745577672626639,5.98539151721005,0.0
794,6.706886431911376,5.447572632284918,0.0
795,5.946940647400169,6.195619619352428,0.0
796,6.925326842406037,5.809150533885365,0.0
797,5.427504992650183,5.613701325786582,0.0
798,6.8398585704624555,7.621648381046945,0.0
799,4.952221669261872,5.126449878404349,0.0
800,3.2622927141794555,-4.962904670849442,1.0
801,-3.1585882882633753,2.7893847820570774,1.0
802,0.5798470047170907,-4.464141497596963,1.0
803,4.585627371384721,-1.2786258412369014,1.0
804,3.934420503866074,3.452556186332504,1.0
805,1.4931053576607365,-0.06622642445888438,1.0
806,5.754610084581083,-4.2604191314421955,1.0
807,2.7018687306133775,-3.705711582422532,1.0
808,-1.9408427360118194,-2.295615079521657,1.0
809,5.364431852864676,5.608274133459302,1.0
810,-3.803814669183274,-5.73557807642995,1.0
811,2.6400964759573573,-0.984120793554188,1.0
812,-4.933917058949227,2.2050492669245103,1.0
813,0.5412663391283963,5.766201864013272,1.0
814,-3.271086049663453,-1.152265484081421,1.0
815,0.5105496407450749,3.50039986144022,1.0
816,0.5860638806407046,1.3548019303433905,1.0
817,-3.286235380920711,4.1630247370627185,1.0
818,-0.8564334363542909,-4.308484469738769,1.0
819,1.9702549740650084,-3.40691456177631,1.0
820,-4.829249877128403,4.343842900851268,1.0
821,-0.478052826138724,2.991404552349317,1.0
822,-2.512949282323739,3.443641619011996,1.0
823,-4.656768875741636,-1.7283195144617673,1.0
824,5.736741815682342,3.527876596416073,1.0
825,-0.032928836223741875,-1.922670341257379,1.0
826,4.465628400269718,0.5381731090141879,1.0
827,3.101100214429333,3.0492921637939685,1.0
828,-5.784651857178098,-4.484954606488639,1.0
829,1.9155523967369068,-4.060562264569542,1.0
830,-2.9340798641327437,5.359655450395286,1.0
831,0.7221871004989424,3.008754083992166,1.0
832,0.6957688653916785,0.6301633773927025,1.0
833,-4.870177078491626,-1.8760416886907634,1.0
834,-2.6108292157618593,-1.3112596126366411,1.0
835,3.5801302586919395,-1.5368079849976217,1.0
836,-0.5796381692198076,-1.2314233141762019,1.0
837,-4.879104336296453,-0.7071341009905954,1.0
838,-3.6526887234658196,-3.7593204507235023,1.0
839,-4.871566746788804,-1.7199483102988231,1.0
840,3.0897826174730083,-2.682699712999247,1.0
841,-2.251810777373837,1.7120958920690832,1.0
842,-3.6499102489569735,4.763495165082412,1.0
843,0.24228627901865352,-0.6287647161573964,1.0
844,0.6938423031504168,-4.0075882390056545,1.0
845,1.3616776636701156,-1.6427911603918748,1.0
846,4.766236091575427,-3.9737495198677664,1.0
847,0.08461324638529266,1.1773515524282159,1.0
848,-5.599396778563426,-1.6356825029263171,1.0
849,2.7916228164099937,3.8445300893876797,1.0
850,-2.2420560621926118,3.583119268593015,1.0
851,5.613070525240666,4.282487232901129,1.0
852,-4.588272142088098,2.8767639850264874,1.0
853,-2.1639980107134633,5.860991872944918,1.0
854,-0.1756922020813545,-4.530793219692708,1.0
855,2.7022265763286892,-2.123865619365434,1.0
856,5.964937884979941,5.757389494254262,1.0
857,1.8736082162469683,-4.442082612579389,1.0
858,2.2423319721003487,-4.883634162479673,1.0
859,-5.647630090771292,3.8755013546578327,1.0
860,-3.4829646277958237,-1.4516744853708312,1.0
861,5.681488679714078,-1.957913977666761,1.0
862,-2.442122624600217,5.018495995473303,1.0
863,-4.671018656172503,3.1149889213755815,1.0
864,5.856786799833288,4.815552129295786,1.0
865,1.8200150244771112,-2.231270460087216,1.0
866,-2.9481362258601993,3.8310612584575336,1.0
867,4.557862967420343,0.30521895054831427,1.0
868,-3.0679207105624062,-4.644681499065918,1.0
869,-4.953846386018026,2.628929368246267,1.0
870,-0.9585752658273003,4.864318491334444,1.0
871,2.876055608721164,-3.7048749850249596,1.0
872,1.3653290257883883,-0.7739345472220878,1.0
873,0.9269967692233569,2.856829480062206,1.0
874,3.6743505720454896,4.124847916880691,1.0
875,-2.9523015051357033,-5.626612800991708,1.0
876,2.871536821977278,-4.723875284930704,1.0
877,-2.220964936644388,-5.954194390507834,1.0
878,2.1800337888194408,-3.994415862345345,1.0
879,1.8633889162998982,5.900911406014066,1.0
880,-5.127949540679804,-5.075063856582472,1.0
881,-1.9154388879999011,4.396638171016105,1.0
882,-3.413641574504018,-1.6754661608358292,1.0
883,-5.177935120476246,3.1578634951066724,1.0
884,-1.1003238868865868,3.110984796730114,1.0
885,4.843294132161541,-3.206842234784535,1.0
886,3.688752364079416,-5.29087331906096,1.0
887,4.786168658162968,1.8092225707049683,1.0
888,4.490720689660218,-5.997739205321017,1.0
889,-3.97102715572809,-1.322887350882095,1.0
890,-1.445965159503377,-3.279235404917872,1.0
891,-1.4206567215935988,-4.453815455996942,1.0
892,-1.0468664488076875,3.6282519499111703,1.0
893,-0.2511592427597855,-5.78399893265742,1.0
894,-0.942671501049031,-5.67389980690987,1.0
895,5.594920928481578,-4.470552486925572,1.0
896,2.492259915967425,5.67331587470503,1.0
897,3.9124686199988625,2.391784501514444,1.0
898,4.073530914009202,5.781584319127532,1.0
899,1.456133967042355,0.7102176819519177,1.0
900,1.5388573255593765,0.3921106411386597,1.0
901,1.6210692709166254,-0.601893504329289,1.0
902,-3.3786818054003147,-4.557033281859892,1.0
903,-5.179908773612875,-2.840210594961599,1.0
904,-5.446517227971194,0.806049359032627,1.0
905,-2.5940586357177566,3.894417697044386,1.0
906,-5.109109524139363,-3.2837820679021688,1.0
907,2.762953765081751,1.185699556601897,1.0
908,-5.226104745009989,4.526873485946405,1.0
909,4.527141153914155,-2.035103953490714,1.0
910,-1.9151298798052236,5.868340300202087,1.0
911,1.5141140591176585,0.37579824681670937,1.0
912,4.057826202623094,-2.576515939712203,1.0
913,-0.8498088792437173,-2.78667989413999,1.0
914,3.469930159064777,0.880192147622616,1.0
915,1.9059008416808463,-2.9723130019271213,1.0
916,-3.3572963834722187,-0.1395044522047355,1.0
917,2.8507889891139215,0.302877090241922,1.0
918,-5.608251869451976,4.422618075843465,1.0
919,-5.223757277818422,5.469893804649027,1.0
920,-5.698296500672727,2.3334054735685053,1.0
921,-5.01351523545862,4.928118953221675,1.0
922,-0.42680116529348666,-4.349714702195815,1.0
923,-1.9102116025218407,-4.022103895838855,1.0
924,-3.95301706131492,5.377299842057306,1.0
925,-0.657046652582542,3.465627166864315,1.0
926,1.6752667341321823,2.117116348060707,1.0
927,-4.419678738335538,-3.189786638214172,1.0
928,3.441004021853243,5.649194477697396,1.0
929,-2.8478922888161793,-2.7411748229875217,1.0
930,-0.3252344062691419,5.806083754265254,1.0
931,-2.7724926500823472,-1.1163370843888334,1.0
932,4.697760187482081,-5.964947608543656,1.0
933,-5.522808420137165,1.2488601248546307,1.0
934,4.888561976554164,-3.133720075176868,1.0
935,-0.364298703831492,-0.5944163801061806,1.0
936,-0.32434384685387796,1.4702363487569423,1.0
937,-0.3630748441117948,-0.6303823041305061,1.0
938,-0.3085389548248738,1.0904092952524982,1.0
939,0.44408986021630037,4.249631971806052,1.0
940,-5.406037758076001,3.99980485767615,1.0
941,4.127095351340689,-2.58110374162847,1.0
942,-0.44577653980979237,-0.7375381375507741,1.0
943,-3.3778819877504365,-1.2384378349642025,1.0
944,-5.467346733949746,-2.666135126619187,1.0
945,3.800186105408617,-2.5852523788452295,1.0
946,3.8184800249789705,0.3791935752531703,1.0
947,4.55835212833392,0.8973546511729822,1.0
948,-5.643981323223122,2.1050424905650704,1.0
949,-5.461757183717176,-0.5928357722023923,1.0
950,5.153120333677368,-4.017552727945798,1.0
951,-1.3215317647014708,2.758323706181741,1.0
952,4.587102673138171,2.0513160569100948,1.0
953,-2.9019209497059695,2.095294234994594,1.0
954,-2.43926830675092,2.621150757824823,1.0
955,5.448397531020486,2.6567214132754593,1.0
956,4.354566034948949,-5.974753881889399,1.0
957,2.6108654967791325,3.955050682383004,1.0
958,-5.513295149463823,4.459172727458768,1.0
959,-2.91966926027945,1.9835052237366626,1.0
960,3.6042585482808795,1.9519741567122657,1.0
961,-4.892582495120913,1.15585822632442,1.0
962,0.5950038806657232,4.803855216891257,1.0
963,-1.1491232442694899,-2.1470268349553985,1.0
964,2.998209173237595,-1.0478960869992404,1.0
965,1.753154100060756,1.7574010814952836,1.0
966,4.656468772321414,1.1843088278291685,1.0
967,0.025843319543842558,-4.3335440832417955,1.0
968,-4.611148719855535,-4.148141216603047,1.0
969,-3.937818224074866,1.6545251119636069,1.0
970,2.891775003294942,0.35989827511702455,1.0
971,3.9482127905458926,5.8951587208035985,1.0
972,3.840151549432272,2.33858848411151,1.0
973,0.3899123932457593,-0.6137631399035013,1.0
974,-4.987291433465492,-1.2075750192637087,1.0
975,4.9216156413856105,3.6962715588786352,1.0
976,-3.4073836198597536,-0.4007065836334096,1.0
977,3.800678430702535,-5.19138534257373,1.0
978,-1.3512889719760883,4.222094842487372,1.0
979,-1.153225629958515,-5.068624263222709,1.0
980,0.5104124223870175,4.340909939019545,1.0
981,1.0834265154379166,-3.2846507014292183,1.0
982,-1.389124558351424,-0.5985196658168137,1.0
983,0.9511962458463219,3.1122123090313565,1.0
984,-4.813516588312375,4.675824396210796,1.0
985,-5.852283563807093,-1.559371983908937,1.0
986,-5.670956280328108,-1.284309295856505,1.0
987,0.3097511864798852,0.14017663897814092,1.0
988,-4.012459835660816,1.7488861211473474,1.0
989,-5.462658593943981,3.1428818415889848,1.0
990,5.359733207922555,-1.9227740741865853,1.0
991,0.2068725805719831,-1.4530766632942274,1.0
992,-5.9194753163512805,-1.3695059652586088,1.0
993,3.500643111136158,1.1518661062017816,1.0
994,-4.784881024618093,4.165673876325421,1.0
995,0.37302413862291406,4.100680340936114,1.0
996,0.9626582254203524,0.7162613380552787,1.0
997,-4.736889777635851,-3.9916832023364646,1.0
998,5.664303077959094,-3.258159038942751,1.0
999,5.729425415884415,0.3829524782911604,1.0
1000,4.590504390330008,4.842786450418398,0.0
1001,5.3315024081496105,5.646195332389597,0.0
1002,5.125794768884128,5.971292111618406,0.0
1003,5.670049154721324,6.854084981416976,0.0
1004,5.621347608698402,4.1762441374733115,0.0
1005,6.100291965745075,5.988676465203466,0.0
1006,5.312478162762151,6.075766490835601,0.0
1007,5.142430268640931,6.263061541798601,0.0
1008,8.09987041960633,4.559952018046754,0.0
1009,5.588274743983754,5.460458084813212,0.0
1010,5.654456618436628,6.813433695583938,0.0
1011,6.432927515466358,6.676927771635641,0.0
1012,6.024321475946995,4.945568959445295,0.0
1013,5.110990507571338,6.59517419606635,0.0
1014,6.136245782511545,7.005069578707503,0.0
1015,6.233889133756365,5.056494688717459,0.0
1016,5.583760868268592,6.450463563959047,0.0
1017,6.5665207007140385,6.681985892578618,0.0
1018,5.163756946959354,5.0421268140377675,0.0
1019,5.848624331487044,7.14852053367441,0.0
1020,5.446610186935079,6.362859640567347,0.0
1021,6.362930819953402,6.606748971094174,0.0
1022,7.32746265158426,7.245687515204148,0.0
1023,5.5257762872751215,4.326838203618214,0.0
1024,5.458843687200915,6.060351907416998,0.0
1025,5.711572345050683,7.5694840007819995,0.0
1026,6.014978099998685,6.521363325525543,0.0
1027,6.173237749304926,5.7235451354938585,0.0
1028,4.464879945214198,5.937299053737726,0.0
1029,8.595721123358715,5.007490930770028,0.0
1030,4.552560731417657,7.544353708095011,0.0
1031,6.591843068287702,6.149475411309649,0.0
1032,7.086790982308593,5.336841456834708,0.0
1033,5.914986095996476,6.76177646730493,0.0
1034,7.683098325845017,5.068035677010225,0.0
1035,7.02144078545508,6.3045330650830245,0.0
1036,6.130048210758274,5.9938356129968495,0.0
1037,4.8956847983852985,6.768104876247051,0.0
1038,5.376106829000712,5.138900252241055,0.0
1039,6.706191582823528,6.62936830744852,0.0
1040,6.0630059626453745,6.860982443788028,0.0
1041,7.137245720266123,7.043364938511456,0.0
1042,5.578674809657527,6.808792275882513,0.0
1043,6.168792777344267,7.376485638212118,0.0
1044,5.901321333134232,5.715698545602304,0.0
1045,5.510470605517249,6.150965232545109,0.0
1046,6.372233623467145,6.387575810627233,0.0
1047,6.278480110729893,6.535180863386421,0.0
1048,5.8225133194834715,5.304131529121561,0.0
1049,5.234495912469415,6.7776451628896695,0.0
1050,6.375102260325738,4.519889601028241,0.0
1051,6.8747080038592205,7.499727863258933,0.0
1052,5.429025536502468,6.2681020873700675,0.0
1053,5.622396817851296,6.501101782005244,0.0
1054,5.070057787901363,5.943019017239246,0.0
1055,6.782640200692293,6.98553323145865,0.0
1056,6.34014874930461,5.729596796197171,0.0
1057,4.729832174315753,5.395821540603117,0.0
1058,5.625734287117801,5.44352731443234,0.0
1059,6.047496052225234,5.72732983372307,0.0
1060,6.137274193394892,6.959146969757214,0.0
1061,5.67582890603489,4.897104140530284,0.0
1062,5.440358026288967,6.465436891439676,0.0
1063,6.540689311174487,6.323870400948054,0.0
1064,7.037393916058461,5.851367440609867,0.0
1065,7.636690719216815,6.652539412340525,0.0
1066,3.987410265706037,7.436102662056797,0.0
1067,5.388295208070551,5.1752598486448,0.0
1068,6.417729975367225,4.613726354390582,0.0
1069,5.445333391982371,7.24185302092514,0.0
1070,6.443607429297836,6.647796140936967,0.0
1071,5.476085557579095,4.773083796126805,0.0
1072,6.563717283739747,6.741919273394324,0.0
1073,6.70582026848668,6.166741698248772,0.0
1074,5.228721504603606,7.944226038538197,0.0
1075,6.382651110335633,5.86131792849188,0.0
1076,5.8648569490163265,6.1193104194895405,0.0
1077,6.853058568171859,6.151236579853731,0.0
1078,6.684701144659314,6.120746164206082,0.0
1079,5.910392941811342,6.511424754020423,0.0
1080,6.481146545227262,5.864709497983446,0.0
1081,5.402475245168102,6.2725434993585925,0.0
1082,6.06248643146095,5.557465956872557,0.0
1083,5.328149403025102,6.3273721305735595,0.0
1084,6.438724454838917,5.712858911912557,0.0
1085,5.537475284187135,5.337835796679072,0.0
1086,6.304864745907715,5.358793723321417,0.0
1087,7.787401158132514,5.672782918102386,0.0
1088,4.065787361049403,5.975936798878049,0.0
1089,5.941752660364516,6.886643346891221,0.0
1090,6.229793059432612,5.33498059725027,0.0
1091,5.771590169798883,6.261131342639624,0.0
1092,4.273547331108525,7.067608376321786,0.0
1093,5.337106286687069,7.130153361470399,0.0
1094,6.313007820892622,6.502128388049339,0.0
1095,6.916714600315606,6.457097449169711,0.0
1096,6.536655682778901,5.868870820985502,0.0
1097,6.296820521837089,5.531445237873576,0.0
1098,5.726114885913655,7.5669287568266315,0.0
1099,5.355430874217607,6.123074542101188,0.0
1100,6.090496434458214,5.752159950395767,0.0
1101,6.410256859396088,6.4703287192624295,0.0
1102,5.261619403379979,6.080836334465167,0.0
1103,5.136765519755533,6.62890142033729,0.0
1104,6.140756216649537,6.06566162376021,0.0
1105,6.525605830414224,5.780268700029101,0.0
1106,6.728971803410729,5.2435744433097975,0.0
1107,7.126032215956969,5.560624649970499,0.0
1108,4.6472242801002555,5.7379792878167795,0.0
1109,5.647511363864646,5.731966549279875,0.0
1110,6.184749250169341,6.875576475604523,0.0
1111,5.847106292831707,5.448405257601618,0.0
1112,5.101530490493307,5.626604098222824,0.0
1113,4.494378539035335,5.421675186725761,0.0
1114,6.9921864599210375,5.3433356407216595,0.0
1115,6.501427925509078,5.021827810763557,0.0
1116,7.41252511355205,7.465570362562904,0.0
1117,6.471365097517547,7.588109547507983,0.0
1118,6.283760191927696,6.612925434672043,0.0
1119,7.006446513268581,6.143333191878038,0.0
1120,4.761912242552944,6.6292321908569125,0.0
1121,5.623671689676877,5.682952879229169,0.0
1122,6.2375840014588935,6.451633344211632,0.0
1123,6.119738824436487,6.507021633102171,0.0
1124,5.436251050018167,5.965941888006126,0.0
1125,6.677182146252154,7.413877169934804,0.0
1126,7.695923790995591,6.345317516783511,0.0
1127,6.669943946214638,7.580394565806714,0.0
1128,5.464979423570088,6.502212701357842,0.0
1129,6.612786530866182,7.154731734288393,0.0
1130,5.0930808668847725,5.250783505313958,0.0
1131,6.017053232510123,6.30125404802773,0.0
1132,6.895532271498551,6.412763408792241,0.0
1133,5.8792414402076885,6.332145904562941,0.0
1134,6.2400959107857,7.391725615692641,0.0
1135,6.132120128653758,5.694474510138675,0.0
1136,6.3585825287628195,6.15830057443316,0.0
1137,4.747065266777642,5.987516808023335,0.0
1138,5.919656918867835,5.5662388076971165,0.0
1139,6.825922188353365,5.373386747802926,0.0
1140,6.363375434684737,5.882077686716438,0.0
1141,6.085891396473465,6.328417268508818,0.0
1142,4.9571532203296425,6.152857800058454,0.0
1143,7.825534017712103,4.758414311293352,0.0
1144,5.9540551725514,6.895831646078861,0.0
1145,6.240554315907449,6.548683217851752,0.0
1146,4.10530423373086,6.477129593129637,0.0
1147,5.392520912944243,6.247140455106581,0.0
1148,5.9765245367930175,7.817068529139891,0.0
1149,6.436013021418758,5.910177654818121,0.0
1150,4.795955127543654,6.09661986195023,0.0
1151,6.6565604185063245,5.935756403601254,0.0
1152,5.59671731637062,5.543337521879671,0.0
1153,6.426798298825709,6.605644525302262,0.0
1154,7.0856235811175665,5.206444813243398,0.0
1155,6.4194897129618385,5.902935864680873,0.0
1156,5.926439256946096,6.320473391823942,0.0
1157,6.325123386128293,6.421715294449439,0.0
1158,5.156621266857503,5.4019931707465885,0.0
1159,7.185043822537237,5.824083975466199,0.0
1160,5.5220134167449455,3.1629488263988708,1.0
1161,4.2624838202204405,1.2367716740461985,1.0
1162,4.024893970105511,3.413050296041012,1.0
1163,-1.476173496884639,0.6238836254486531,1.0
1164,3.657037463876338,-5.447319189720524,1.0
1165,3.696951388269959,-3.865342511411719,1.0
1166,0.17620340545726743,3.6993052746712514,1.0
1167,-2.9541470621196617,-3.050310728326164,1.0
1168,-1.1668272184529775,4.7357135709316145,1.0
1169,-5.994686622753505,4.816597159703219,1.0
1170,-4.154315704300707,5.881036512809785,1.0
1171,5.458163916461617,-0.06389772490460022,1.0
1172,0.1526429737515378,-0.22140791668974869,1.0
1173,1.6253237479142713,-4.911339573180827,1.0
1174,-5.608584619901202,-5.307564859009213,1.0
1175,-0.6676158091018274,-2.6934247293661993,1.0
1176,1.4644747484519254,5.909307472497348,1.0
1177,-1.364121923082409,0.8860950492541604,1.0
1178,-1.0127532491119742,4.167260012662313,1.0
1179,4.826836841546857,4.528267346463121,1.0
1180,5.692466864151092,-5.6697697783150165,1.0
1181,4.077793945746372,3.0212660764691193,1.0
1182,-3.2556670871956226,5.475841120650331,1.0
1183,-4.221864861240654,2.1545991256069006,1.0
1184,-3.3013173982090502,-0.823432214711104,1.0
1185,2.6299187633348273,0.75989570439656,1.0
1186,-0.8699780240626596,-2.0839388288161533,1.0
1187,4.075915868505484,-4.2742277962222355,1.0
1188,-0.8387654816423993,4.845090861301706,1.0
1189,4.150194605519612,-1.1886988503234397,1.0
1190,3.1573003632156995,3.877929968506311,1.0
1191,4.666649088043557,0.5340692285907358,1.0
1192,-3.5464693673434584,-2.9362910819528203,1.0
1193,-2.4516639115007495,1.125629769715386,1.0
1194,-5.606284510456699,1.6325096253596194,1.0
1195,-1.627749138861216,-2.457098370124294,1.0
1196,4.553958848737516,-0.479971253030413,1.0
1197,-4.859363453607687,3.9209612163149643,1.0
1198,-5.428304910761921,2.72099069001836,1.0
1199,3.2868746612479818,-1.768768728853702,1.0
